priority,signal_type,title,summary,exact_quote,pain,why_tools_fail,score,comments,source,url
1,founder_story,"A national tabloid told readers to forget Finnish headphones. I run practically the only Finnish headphone company, so yes, it stung a bit.","The author, running a small Finnish headphone company, was upset by a national tabloid headline suggesting readers ignore their products and buy competitors’ headphones.","We have about 20 people, plus partners. We design, sell and repair headphones in Finland.","The author's company is struggling to compete with larger, wealthier companies like Sony, Apple, Samsung and Bose.","The author’s company lacks the resources (legal departments, skyscrapers, dedicated teams) to effectively compete with these larger corporations.",128,70,reddit/r/Entrepreneur,https://reddit.com/r/Entrepreneur/comments/1td34zg/a_national_tabloid_told_readers_to_forget_finnish/
1,founder_story,Character development,"The author, the youngest in a wealthy family, chose to pursue their passion despite slower financial growth and a lack of connection with their family.","I'm the youngest in my family with 2 siblings, both of them very well to do in their lives.. me not so much as I decided to go follow my passion..","The author's financial situation is significantly different from their siblings, leading to a feeling of inadequacy and difficulty expressing affection through traditional gifts.",,52,18,reddit/r/Indian_flex,https://reddit.com/r/Indian_flex/comments/1t1lfjj/character_development/
1,founder_story,I just publicly demoed the wearable I spent 6 years building. Here's what closing the seed and getting to a working product actually looked like.,The author shares the operational challenges and intense focus required to transform a working demo into a production-ready wearable after securing seed funding.,Closing your round is not the finish line. It's the starting line.,"Founders often celebrate after a fundraising round, leading them to neglect the crucial work of product development and proving its functionality.",,30,45,reddit/r/Entrepreneur,https://reddit.com/r/Entrepreneur/comments/1t7hrv9/i_just_publicly_demoed_the_wearable_i_spent_6/
1,founder_story,Made my first payout from international customers from my SaaS as a 19 year old engineering student,A 19-year-old engineering student launched a SaaS called Revast and received his first payout from international customers after six months of operation.,I launched my SaaS [Revast](http://revast.xyz/) 6 months ago.,The student is struggling to balance college studies with the demands of marketing and coding for their SaaS.,,23,9,reddit/r/Indian_flex,https://reddit.com/r/Indian_flex/comments/1t1k1pv/made_my_first_payout_from_international_customers/
1,founder_story,Struggling startups,"The post asks founders to describe their preferred approach if continuing a startup becomes unsustainable, focusing on whether they would transfer the project and retain equity.","If continuing became unsustainable, would you rather shut down quietly or transfer the project to someone else if possible, retaining a portion of equity in the process.",Founders are facing challenges with sustaining their startups and grappling with difficult decisions about the future of their projects.,,14,87,reddit/r/Entrepreneur,https://reddit.com/r/Entrepreneur/comments/1t9j2tg/struggling_startups/
1,founder_story,5 Years of Codegres: From a Garage Dream to 1M+ App Downloads,"The author, initially struggling in college and failing CS courses, discovered a passion for coding through competitive problem-solving and built a successful software company from scratch.",I started spending all my time on competitive coding HackerEarth HackerRank random contests DSA problems anything I could get my hands on,"The author initially struggled in college, felt lost, and failed CS courses due to lack of interest.",,10,21,reddit/r/Entrepreneur,https://reddit.com/r/Entrepreneur/comments/1tfcyue/5_years_of_codegres_from_a_garage_dream_to_1m_app/
1,founder_story,"built solo from Kolkata, i bet it is better than most website builder out there!","A solo developer from Kolkata, Sandeep, has created SlateHut, an AI website builder targeted at agencies and freelancers, leveraging integrations with existing AI tools like Cursor, ChatGPT, and Claude.","Its called SlateHut (slatehut.com). AI website builder but for agencies and freelancers, not end users.","Agencies and freelancers need a streamlined way to build client websites without relying on complex, end-user focused website builders.","Existing AI website builders are not designed for the workflow of agencies and freelancers, requiring them to switch between multiple tools.",4,8,reddit/r/indianstartups,https://reddit.com/r/indianstartups/comments/1tenaap/built_solo_from_kolkata_i_bet_it_is_better_than/
1,founder_story,Looking for Technical Co-Founder — Teen Investing App India (Equity Based),A founder is seeking a technical co-founder to help build an investing app for teenagers in India.,That's the gap. Every finance creator tells teens to invest early but zero platforms exist for them.,There is a lack of investing platforms specifically designed for teenagers in India.,Existing tools fail to address the need for a platform tailored to the investing habits and understanding of teenagers.,2,12,reddit/r/indianstartups,https://reddit.com/r/indianstartups/comments/1te5717/looking_for_technical_cofounder_teen_investing/
1,founder_story,Building something which might become the next big thing — Not a clickbait,"A solo founder launched a new product called SignalDesk, which is receiving traffic but has a low conversion rate and no sales yet.",I am the solo founder of SignalDesk.,"The founder's product, SignalDesk, is not converting traffic into sales.",,2,28,reddit/r/indianstartups,https://reddit.com/r/indianstartups/comments/1tdpd5p/building_something_which_might_become_the_next/
1,founder_story,Ex-Big 6 Consultant here. Most founders are leaking working capital through bad GST filings and bot-generated ITRs. Let me handle it personally.,"An ex-Big 6 consultant is offering personalized tax compliance services to founders and freelancers who are struggling with automated ITR/GST filing tools that fail to account for crucial details, leading to tax issues.","I am a solo practitioner, not a massive agency or a generic tech platform. When you work with me, your financial data isn't being fed into an algorithm or handed off to a junior intern.","Founders and freelancers are relying on automated ITR/GST tools that miss critical details, resulting in blocked ITC ledgers, defective returns, and Show Cause Notices.","Automated tools scrape surface-level data and fail to perform necessary reconciliations, cross-check AIS for unrecorded transactions, and understand tax department red flags.",2,0,reddit/r/indiabusiness,https://reddit.com/r/IndiaBusiness/comments/1tfnupo/exbig_6_consultant_here_most_founders_are_leaking/
1,founder_story,Co-Founder / Growth Partner — AishMe AI (Equity only),"A solo founder is seeking a co-founder to help scale their AI-powered Instagram DM manager for Indian creators, offering equity and a significant role in decision-making.","We classify incoming DMs (brand deals, inquiries, fans) and auto-reply professionally so creators close more deals without being glued to their phone.","Indian creators struggle to manage a high volume of DMs and close brand deals effectively, requiring assistance with outreach, content strategy, and partnership development.",Existing tools don't address the specific needs of Indian creators managing brand deals and require significant manual effort.,1,0,reddit/r/indianstartups,https://reddit.com/r/indianstartups/comments/1tfo7ok/cofounder_growth_partner_aishme_ai_equity_only/
2,wealth_signal,"Our new home , built in last july: Dehradun - sharing some pictures","The author and their family, including their father (furniture business owner) and chacha (CA firm owner), are not from generational wealth, evidenced by their collection of old alcohol bottles.","And we are not from generational wealth or anything, just my father’s dreams and sacrifices and savings literally over multiple years.","The author is seeking to share their home and invite people to visit, indicating a desire for connection and sharing.",,3963,463,reddit/r/Indian_flex,https://reddit.com/r/Indian_flex/comments/1t1mwbe/our_new_home_built_in_last_july_dehradun_sharing/
2,wealth_signal,The promised Party to my college friends from my 1st salary,"The author spent their second salary on a party with college friends, resulting in needing to ask their father for financial assistance.","I have always told my friends ki ‘salary aane dono bhai saari udhaa dunga tumpe’ , and if I include this party, flights , stay and other expenses for 3 days - i literally spent my entire salary almost",The author's spending habits led to a need for financial assistance from their father.,,2097,287,reddit/r/Indian_flex,https://reddit.com/r/Indian_flex/comments/1she9pd/the_promised_party_to_my_college_friends_from_my/
2,wealth_signal,Reached ~90 lakhs cash salary,"A person, starting as a fresher in an organization, achieved a salary of approximately 90 lakhs and experienced a significant upward career progression within six years.","Now that I’m here, I just want to pause and truly appreciate it while it lasts.",Null,Null,1821,304,reddit/r/Indian_flex,https://reddit.com/r/Indian_flex/comments/1td1n3a/reached_90_lakhs_cash_salary/
2,wealth_signal,Brought home a brand new car at 24,"The author bought a new car at 24, fulfilling a lifelong aspiration and expressing gratitude for the opportunity.",Feels so good buying a car at such a young age 😭,,,1221,142,reddit/r/Indian_flex,https://reddit.com/r/Indian_flex/comments/1sy2w4a/brought_home_a_brand_new_car_at_24/
2,wealth_signal,"How I reached from 3.5 lpa to 35 lpa in 3 years, no guidance, no mentors","The author details a three-year journey from a 3.5 LPA salary to 35 LPA, emphasizing the need for targeted preparation and skill development with each career switch.",The thing I'd tell my year-0 self: the prep for each switch is a different game.,"The author experienced stalled career growth after multiple switches, indicating a need for tailored preparation strategies beyond general DSA knowledge.","DSA alone was insufficient for the increasing demands of subsequent switches, requiring a shift towards broader skills like system design and interview practice.",1013,184,reddit/r/developersIndia,https://reddit.com/r/developersIndia/comments/1tfe02z/how_i_reached_from_35_lpa_to_35_lpa_in_3_years_no/
2,wealth_signal,View from our home in Dehradun,"The author is sharing a photo of their recently built home in Dehradun and expressing pride in their parents' achievement, referencing past generosity with gifts and salary.",I am super proud of my dad and mom as we got this house built recently,,,892,46,reddit/r/Indian_flex,https://reddit.com/r/Indian_flex/comments/1t0yi46/view_from_our_home_in_dehradun/
2,wealth_signal,I made ₹1 lakh this month at 20,"A 20-year-old content creator earned ₹1.3 lakh this month through brand collaborations and affiliate earnings, a significant achievement considering their background.",Now brands send me TVs for reviews.,"The author's family struggled to pay their fees, and they experienced poverty growing up.",,587,64,reddit/r/Indian_flex,https://reddit.com/r/Indian_flex/comments/1smwsic/i_made_1_lakh_this_month_at_20/
2,wealth_signal,I didn't die,"The author announced they reached $10,000 in monthly income after quitting their job without clients.",I just hit $10k this month. 🙏,,,335,159,reddit/r/Entrepreneur,https://reddit.com/r/Entrepreneur/comments/1tdfle0/i_didnt_die/
2,wealth_signal,From one meal a day to ₹3.85 crore net worth at 32 — but I still feel the same inside,"A 32-year-old man, who grew up with limited resources and now has a net worth of ₹3.85 crore, reports feeling unchanged despite his financial success.",I come from a very humble background. There were times when we had only one proper meal a day and had to borrow money from neighbors or relatives just to manage basic expenses.,"The author feels a lack of fulfillment and happiness despite achieving significant wealth, suggesting an internal conflict related to their upbringing and spending habits.",,243,62,reddit/r/Indian_flex,https://reddit.com/r/Indian_flex/comments/1tfejp6/from_one_meal_a_day_to_385_crore_net_worth_at_32/
2,wealth_signal,Silver price racing toward Rs 3.5 lakh: Is someone manipulating it? Top Indian jewellers alert FM Sitharaman,"The price of silver is rapidly increasing, approaching Rs 3.5 lakh, and Indian jewellers are warning the Finance Minister about potential manipulation.",Silver price racing toward Rs 3.5 lakh: Is someone manipulating it?,Indian jewellers are concerned about the rapid and potentially artificial rise in silver prices.,,203,31,reddit/r/IndiaInvestments,https://reddit.com/r/IndiaInvestments/comments/1qmcmz3/silver_price_racing_toward_rs_35_lakh_is_someone/
2,wealth_signal,[30 M] Reached 1cr nettworth,"A 30-year-old reached a net worth of over 1 crore (approximately $120,000 USD) through various investments and savings.",Reached 1cr+ nettworth @ 30 years old.,The individual acknowledges that their net worth could have been significantly higher due to past financial mistakes and expenses.,,173,57,reddit/r/Indian_flex,https://reddit.com/r/Indian_flex/comments/1te2277/30_m_reached_1cr_nettworth/
2,wealth_signal,Flex your credit limit,"Users are sharing their highest credit limits and the time it took to achieve them, showcasing financial success.",Mine’s 2 Lakhs in 11 months.,,,166,159,reddit/r/Indian_flex,https://reddit.com/r/Indian_flex/comments/1sl3cnp/flex_your_credit_limit/
2,wealth_signal,The stock market (and passive income) has kept me afloat during this time of unemployment - 2 Month update,"The author used dividends and derivatives to cover expenses during unemployment, then transitioned to liquid funds and fixed deposits for income generation.","I have transferred the money to liquid funds, and it is already gained 0.25%.",The author experienced unemployment for two months and needed to cover expenses.,,148,22,reddit/r/IndiaInvestments,https://reddit.com/r/IndiaInvestments/comments/1s5swx4/the_stock_market_and_passive_income_has_kept_me/
2,wealth_signal,Tax-Loss and Capital Gain Harvesting,"The post discusses strategies for tax-loss and capital gain harvesting, outlining updated tax rules and thresholds for FY 2026-27 to optimize investment returns.",Capital gain harvesting involves executing strategies to minimize tax liabilities by strategically realizing gains and losses.,"Investors need a way to navigate complex tax laws and optimize their investment strategies for capital gains and losses, considering changes in regulations.",,137,51,reddit/r/IndiaInvestments,https://reddit.com/r/IndiaInvestments/comments/1rmcpv3/taxloss_and_capital_gain_harvesting/
2,wealth_signal,"Taxing Foreign Equity in India: RSUs, ESPPs &amp; Overseas Stocks","The article provides a guide to understanding the Indian tax implications of foreign equity holdings, including RSUs and ESPPs, based on residential status.",Most employees at Indian MNC subsidiaries receiving stock compensation from a foreign parent are RORs.,Individuals holding foreign equity in India face complex tax reporting and compliance requirements based on their residential status.,Existing tools may not adequately address the nuances of Indian tax law regarding foreign stock compensation and reporting based on residential status.,64,23,reddit/r/IndiaInvestments,https://reddit.com/r/IndiaInvestments/comments/1tby08c/taxing_foreign_equity_in_india_rsus_espps/
2,wealth_signal,"You work day and night, survive layoffs, grind Leetcode, clear interviews, switch companies for a better package… and then reality hits.","The author describes a journey of intense work and career progression, culminating in receiving a salary slip of ₹2,30,066 (Gross) and ₹1,84,836 (Net).",Finally reached that stage in life where salary credit messages feel satisfying 😭,"The author experienced significant stress and hardship related to career advancement, including layoffs and extensive preparation for interviews.",,49,13,reddit/r/Indian_flex,https://reddit.com/r/Indian_flex/comments/1sxg8uh/you_work_day_and_night_survive_layoffs_grind/
2,wealth_signal,"Built This Collection with My Brother: Hotwheels, Lego and Majorette","The author and their brother have built a significant collection of cars, including Hotwheels, Lego, and Majorette models sourced from various retailers and occasionally online.",The collection is sourced both by my brother and myself and we try to keep them.,"The author wants to expand their collection, specifically into Majorette cars, and is currently acquiring one.",,45,17,reddit/r/Indian_flex,https://reddit.com/r/Indian_flex/comments/1sscvog/built_this_collection_with_my_brother_hotwheels/
2,wealth_signal,"Randomly made a post on reddit about whether I should move to NYC, got covered in multiple media","An Indian professional earning ₹60 lakh in India is grappling with a decision about whether to move to New York, where they could earn $220,000, sparking a debate about the relative value of these incomes and potential career moves.","“Rs 60 lakh in India vs $220k in New York - Indian professional confused about next job move,”","An Indian professional is experiencing a dilemma regarding the relative purchasing power and career opportunities between earning ₹60 lakh in India and $220,000 in New York.",,22,6,reddit/r/Indian_flex,https://reddit.com/r/Indian_flex/comments/1t4fygh/randomly_made_a_post_on_reddit_about_whether_i/
2,wealth_signal,"Success Saturday: What's Going Right | May 16, 2026","The post encourages users to share any small or large wins related to starting a business, such as making their first sale or paying themselves.","Big or small, a win is a win. First sale, first client, or first time paying yourself, share it here.",The post implies a need for encouragement and recognition when starting or growing a business.,,16,28,reddit/r/Entrepreneur,https://reddit.com/r/Entrepreneur/comments/1ten9ec/success_saturday_whats_going_right_may_16_2026/
2,wealth_signal,"Success Saturday: What's Going Right | May 09, 2026","The post encourages users to share any small or large wins related to starting a business, such as making their first sale or paying themselves.","Big or small, a win is a win. First sale, first client, or first time paying yourself, share it here.","The post implies a need for recognition and celebration of small business milestones, suggesting a lack of readily available platforms or communities to acknowledge these wins.",,12,24,reddit/r/Entrepreneur,https://reddit.com/r/Entrepreneur/comments/1t7ylut/success_saturday_whats_going_right_may_09_2026/
3,business_model,RBI to Roll Out Stricter Mis-Selling Rules from July 1 ... Full Refunds + Ban on Dark Patterns,"The Reserve Bank of India (RBI) is implementing stricter rules to prevent mis-selling of financial products by banks, including mandatory suitability checks, bans on dark patterns and forced bundling, and reforms to sales incentives.","The RBI has proposed new draft guidelines to crack down on mis-selling by banks, with implementation expected from July 1, 2026.","Banks are currently engaging in mis-selling of financial products, leading to customer losses and dissatisfaction.",null,157,16,reddit/r/IndiaInvestments,https://reddit.com/r/IndiaInvestments/comments/1r2jerg/rbi_to_roll_out_stricter_misselling_rules_from/
3,business_model,How to Build a Pitch Deck That Actually Gets Investor Attention: What 590 Reddit Comments Reveal About What Works,"The post analyzed 590 Reddit comments from investors to determine what makes a pitch deck effective, emphasizing the importance of clearly communicating understanding of the business and market.",You have to clearly communicate that you understand your business and your market.,Founders often begin with their product feature set instead of addressing why the business needs to exist now.,Existing tools/solutions fail because they don't address the underlying market shift or behavior change.,35,41,reddit/r/Entrepreneur,https://reddit.com/r/Entrepreneur/comments/1taihr6/how_to_build_a_pitch_deck_that_actually_gets/
3,business_model,Jeena Sikho Life Care: analysis of a rapidly growing business,The author is providing an analysis of the Jeena Sikho Lifecare business model within the AYUSH healthcare market.,Jeena Sikho operates in the AYUSH healthcare space.,The author is seeking feedback on their analysis of the company's business model.,,32,28,reddit/r/IndiaInvestments,https://reddit.com/r/IndiaInvestments/comments/1srcajo/jeena_sikho_life_care_analysis_of_a_rapidly/
3,business_model,"Summary of SEBI Circular on Categorization and Rationalization of Mutual Fund Schemes - February 26, 2026","SEBI revised mutual fund scheme categorization, providing greater flexibility for equity funds to invest in alternative assets and increasing the minimum equity allocation for certain categories, leading to potential changes in fund structures and launches.","SEBI issued this landmark circular (Ref: HO/24/13/15(2)2026-IMD-RAC4/I/5764/2026), the first major overhaul of MF scheme categorisation since 2017–18.","Mutual fund categorization was outdated and inflexible, requiring AMCs to make difficult decisions about scheme structure and investment strategies.",The previous categorization framework did not allow for the diversification of equity funds beyond traditional debt and money market instruments.,8,3,reddit/r/IndiaInvestments,https://reddit.com/r/IndiaInvestments/comments/1rftp3r/summary_of_sebi_circular_on_categorization_and/
3,business_model,Looking for People Who Want to Build Something Big From the Start,"Synthqs is a company building business systems and communication handling tools for various industries, primarily focusing on AI call management, lead management, customer communication, and backend automation.",That’s what pushed us to start building Synthqs seriously.,"Businesses are losing clients due to missed calls, inconsistent follow-ups, overwhelmed teams, and a lack of proper backend systems.",Existing tools fail to address the core issues of business communication and backend workflows.,3,3,reddit/r/indianstartups,https://reddit.com/r/indianstartups/comments/1tdrgyc/looking_for_people_who_want_to_build_something/
3,business_model,"Handmade Carpets and Rugs, and Textile export to US, Europe, New Zealand.","SA Textiles is a buying house that connects US/EU/NZ customers with Indian factories for handmade carpets, rugs, and textiles, handling sourcing, pricing, quality control, and shipping in exchange for a commission.","We help our customers in US/EU/NZ/UAE import handmade carpets and rugs, and textiles (like hotel sheets, bathrobes, bathmats etc) by helping them from pricing, sourcing, quality control, and shipping.","US customers need a US-based representative to facilitate importing goods, but existing solutions don't fully address the need for a streamlined sourcing and communication process.","Existing tools fail because they don't provide a comprehensive solution for connecting US buyers with Indian manufacturers and handling the complexities of import logistics, sampling, and communication.",3,13,reddit/r/indiabusiness,https://reddit.com/r/IndiaBusiness/comments/1tf26cx/handmade_carpets_and_rugs_and_textile_export_to/
3,business_model,Is buying a café franchise a good first business for someone with zero experience?,"The poster is considering buying a café franchise (Chai Kaapi) as their first business venture despite having no prior experience, seeking advice on the viability and potential pitfalls of this approach.",I’m considering taking a café franchise (Chai Kaapi) as my first business and wanted honest advice from people who understand cafés/franchises in India.,"The poster needs to determine if buying a café franchise is a sensible way to enter entrepreneurship and wants information about the realistic profitability, operational challenges, and potential red flags associated with this business model.",,2,9,reddit/r/indiabusiness,https://reddit.com/r/IndiaBusiness/comments/1teo0h5/is_buying_a_café_franchise_a_good_first_business/
3,business_model,I wanted to run by my plan of action I’ve been making with my father,"The author's father has a real estate brokerage business with a 10 cr NW and a strong referral network, and they plan to enter the construction business by developing independent houses for sale.",My plan of action is to develop independent houses that can be sold for 1.5-1.8 cr there is enough demand but not enough options.,The author wants to expand into construction but is hesitant about large projects and seeks a scalable approach.,,1,2,reddit/r/indiabusiness,https://reddit.com/r/IndiaBusiness/comments/1tffhcl/i_wanted_to_run_by_my_plan_of_action_ive_been/
3,business_model,"What businesses are equivalent of ""stable jobs""?","The post is asking for businesses that have established, predictable revenue and consistent demand, excluding typical street food vendors.",By that I mean businesses which are already established with predictable recurring revenue with consistent demand.,The user is seeking businesses that offer stability and reliability in terms of income and customer base.,,1,2,reddit/r/indiabusiness,https://reddit.com/r/IndiaBusiness/comments/1temhjw/what_businesses_are_equivalent_of_stable_jobs/
3,business_model,"I built India's cheapest dating app. 900,000 users later, it makes ₹25,000/month. Here's why I think that's the point","The founder built a dating app, Flingo, with 900,000 users and generates ₹25,000 monthly revenue by targeting a large segment of the Indian market underserved by expensive competitors.","₹4 for a 7-day trial (yes, four rupees — about the price of one cup of chai)",Existing dating apps are too expensive for a large portion of the Indian population.,null,0,42,reddit/r/indianstartups,https://reddit.com/r/indianstartups/comments/1tepi9b/i_built_indias_cheapest_dating_app_900000_users/
3,business_model,Webstra designer &amp; developer wanting to help new startups and small business owners!,A web designer is offering website design services at low costs to startups and small businesses who cannot afford expensive websites.,So I have been designing websites at minimal costs .looking forward to connect and help you !,Startups and small businesses lack the budget for costly website design.,,0,2,reddit/r/indianstartups,https://reddit.com/r/indianstartups/comments/1tdueze/webstra_designer_developer_wanting_to_help_new/
4,pain_point,Brought my parents clean drinking water from own money?,"The author spent months saving money to buy a water purifier for their parents, who had previously only been able to drink unsafe tap water.",But I always felt they deserved better.,The author's parents had been drinking unsafe tap water for years and felt they deserved access to clean drinking water.,,733,34,reddit/r/Indian_flex,https://reddit.com/r/Indian_flex/comments/1sgpt1t/brought_my_parents_clean_drinking_water_from_own/
4,pain_point,indian founders selling globally. razorpays international card failure rate is brutal. what are you actually using,"An Indian SaaS founder is experiencing extremely high failure rates (60%) with Razorpay's international card processing, leading them to seek alternative payment gateways and solutions.",razorpay seems heavily optimized for indian domestic compliance and is very aggressive with international card risk checks.,"The founder's SaaS business, primarily serving international customers, is suffering significant revenue loss due to frequent payment failures with Razorpay's card processing system.","Razorpay is prioritizing Indian domestic compliance and aggressively blocking international card transactions, despite the business's core operations being cross-border.",98,25,reddit/r/IndiaInvestments,https://reddit.com/r/IndiaInvestments/comments/1td5d8m/indian_founders_selling_globally_razorpays/
4,pain_point,"30,000 insurance agency owners are retiring with no succession plan. Heres why I think this is the best acquisition opportunity nobody talks about.","A significant number of insurance agencies are facing a retirement crisis with no succession plans, leading to a lack of qualified replacements and a substantial opportunity for acquisition.",89% of new insurance agents quit within the first 3 years so theres nobody coming up behind them.,Thousands of profitable insurance agencies are struggling to find successors due to a lack of qualified replacements and an aging workforce.,null,91,37,reddit/r/Entrepreneur,https://reddit.com/r/Entrepreneur/comments/1tf4hbe/30000_insurance_agency_owners_are_retiring_with/
4,pain_point,How I built a self-hosted AI + n8n stack that slashed a D2C brand’s RTO by 50% and saved them ₹4L/month (Architecture breakdown),"A D2C brand in India was experiencing a high Return to Origin (RTO) rate due to Cash on Delivery, resulting in significant customer churn and cash losses.","They were bleeding cash. Every bounce cost them Customer Acquisition (CAC), forward shipping, and reverse shipping.","The D2C brand’s RTO rate was 22.5%, leading to high customer churn and substantial cash losses due to COD returns.",Enterprise SaaS tools charging a percentage of GMV were too expensive and not scalable for the client's needs.,84,33,reddit/r/indianstartups,https://reddit.com/r/indianstartups/comments/1te0vkv/how_i_built_a_selfhosted_ai_n8n_stack_that/
4,pain_point,How to un-burn out?,"The author is experiencing burnout after a year of struggling to build their architectural firm, compounded by a difficult client situation and financial strain.",I've been burnt out for over half a year and I honestly don't know how to get out of it.,"The author is struggling with burnout due to a difficult client experience, financial stress from depleted savings and raising two children, and a lack of consistent work inquiries.",,73,130,reddit/r/Entrepreneur,https://reddit.com/r/Entrepreneur/comments/1tc2isp/how_to_unburn_out/
4,pain_point,I’m quitting my 1.2L/month job because I’m tired of “Logo Bada Kardo” marketing.,"The author is quitting their marketing job because they are frustrated with clients who lack marketing knowledge and treat the profession as a hobby, leading to ineffective campaigns.","""Logo ko thoda aur bada karke left side kardo"", bhai sahab, to aapne mere ko jhak marane rakha hai?""","The author is experiencing frustration with clients who lack marketing expertise and prioritize superficial branding changes over effective strategy, resulting in poor campaign performance.",Existing marketing tools fail because clients don't understand the underlying principles of effective marketing and are focused on aesthetics rather than results.,58,53,reddit/r/indianstartups,https://reddit.com/r/indianstartups/comments/1tcqg9h/im_quitting_my_12lmonth_job_because_im_tired_of/
4,pain_point,Organic SEO no longer holding value,A business with $8m in revenue relying on organic SEO is experiencing a significant decline in website users and bookings due to Google prioritizing AI results and paid ads over organic search.,In the last 12 months we’ve seen this change. Our users on site are down +20% month YOY and this carries through to bookings.,The business is facing a decline in website traffic and bookings due to Google's shift in search ranking priorities.,"Existing SEO tools are likely ineffective because Google's algorithm now prioritizes AI results and paid advertising, pushing organic search rankings further down the user journey.",35,61,reddit/r/Entrepreneur,https://reddit.com/r/Entrepreneur/comments/1tep54e/organic_seo_no_longer_holding_value/
4,pain_point,Help with client acquisition,A personal trainer is struggling to acquire clients for their new online services after being solely reliant on local Facebook groups.,getting clients is so different when all I did before is post in local Facebook groups,The trainer's primary problem is difficulty acquiring clients for their online fitness services due to a lack of experience with online marketing and client acquisition strategies.,,35,95,reddit/r/Entrepreneur,https://reddit.com/r/Entrepreneur/comments/1t85zl3/help_with_client_acquisition/
4,pain_point,Need serious advice for career at this point at 9YOE,"A 9-year experience developer is feeling stagnant in their current MNC role and seeking advice on whether to take a career leap, considering their startup income and upcoming marriage.","My job part is stable, low commitment with low growth at this point.","The developer feels their career is stagnant, their income hasn't grown in 3 years despite experience and a startup income, and they are unsure about their next career move.",,33,18,reddit/r/developersIndia,https://reddit.com/r/developersIndia/comments/1tekyf0/need_serious_advice_for_career_at_this_point_at/
4,pain_point,How I'm generating 6 - 13 b2b calls per day with paid ads,"The author claims many business owners waste money on paid advertising because they fail to understand the process beyond simply clicking buttons, leading to poor results.","Why? If you logged into your Meta business manager, clicked a couple of buttons and called it a day, what did you expect?","Many business owners are wasting money on paid advertising because they don't understand how to effectively set up and manage campaigns, leading to low returns.",Existing tools like Meta Business Manager only allow for basic setup and don't provide the deeper strategy needed to generate significant revenue from paid advertising.,30,75,reddit/r/Entrepreneur,https://reddit.com/r/Entrepreneur/comments/1t4auwa/how_im_generating_6_13_b2b_calls_per_day_with/
4,pain_point,"I want to quit my Job, but I have no other offer in hand.","A 2025 graduate working at a Big 4 company is experiencing significant frustration with their current Data Engineering project due to outdated tech, poor management, small team size, and internal conflicts.","I really want to leave this project / job, but I don't have another offer letter in hand.","The author is experiencing frustration due to outdated technology, poor management, a small team size leading to conflict, and a desire to leave their job without another offer.",,28,24,reddit/r/developersIndia,https://reddit.com/r/developersIndia/comments/1tfm2w9/i_want_to_quit_my_job_but_i_have_no_other_offer/
4,pain_point,is this just what web development have become now?,"A freelance web developer is experiencing a plateau in their work, feeling that most projects now involve repetitive code patterns and the addition of AI features without significant business logic changes.",honestly the business logic changes but the actual code structure is basically copy paste at this point,"The developer feels their work has become repetitive and lacks originality, with clients requesting similar features and requiring integration of AI tools without substantial changes to the underlying code.","Aggregator platforms' markup fees are a problem, but the core issue is the lack of truly custom solutions due to repetitive project structures.",19,14,reddit/r/developersIndia,https://reddit.com/r/developersIndia/comments/1teskt4/is_this_just_what_web_development_have_become_now/
4,pain_point,I guess I found a problem,"The author is considering a career in lead generation and is grappling with whether it's a viable path, questioning its profitability and whether it’s simply spamming.",I'm seriously thinking of becoming a lead gen. at the moment I'm collecting email addresses manually and doing cold mailing.,The author is uncertain about whether lead generation can be a sustainable career and worries about providing value to clients while relying on manual methods.,,19,67,reddit/r/Entrepreneur,https://reddit.com/r/Entrepreneur/comments/1t54iug/i_guess_i_found_a_problem/
4,pain_point,"US NRI’s Guide to Investing in India: Navigating PFIC, FBAR, and the Estate Tax Trap",US NRIs face significant tax penalties and compliance burdens when investing in Indian mutual funds due to IRS regulations classifying them as PFICs.,A single misstep in structuring your Indian portfolio can lead to punitive taxes and severe compliance penalties.,"US NRIs investing in Indian mutual funds risk being taxed at ordinary income rates, incurring retroactive interest charges, and facing complex annual reporting requirements via Form 8621.","Existing investment tools and advice fail to adequately address the specific IRS regulations surrounding PFICs, leading to significant tax liabilities and compliance headaches.",17,24,reddit/r/IndiaInvestments,https://reddit.com/r/IndiaInvestments/comments/1rhrt05/us_nris_guide_to_investing_in_india_navigating/
4,pain_point,The securities law question small businesses don't know to ask until it's too late,"Small businesses often unknowingly violate federal securities laws when raising money, leading to serious consequences if they fail to comply.","anytime you sell an ownership interest, a share of profits, or anything that looks like an investment return to someone in exchange for money, you've likely sold a security.","Small businesses are unaware of the securities laws implications when raising capital, leading to potential legal issues and financial risk.",,17,24,reddit/r/Entrepreneur,https://reddit.com/r/Entrepreneur/comments/1t63g1g/the_securities_law_question_small_businesses_dont/
4,pain_point,"Switching from product to service after layoff , how will it impact ?","The author is experiencing a career break due to a layoff from a product-based company and is struggling with the dilemma of whether to wait for better opportunities or consider a career change, fearing a salary reduction and difficulty returning to product roles.",I am biggest dilemma because every budget cut is always impacting SDET,The author fears a career break due to layoff and is concerned about potentially accepting lower pay or difficulty returning to product roles.,,8,3,reddit/r/developersIndia,https://reddit.com/r/developersIndia/comments/1tevzfd/switching_from_product_to_service_after_layoff/
4,pain_point,"Whats the best monitor settings for coding? Best for text rendering, eye strain etc.","The user is experiencing difficulty reading code on their new LG monitor, specifically citing issues with text rendering and eye strain.",It's kinda hard to read code on it long term.,The user is struggling with poor text rendering and eye strain when coding on their new monitor.,Null,8,11,reddit/r/developersIndia,https://reddit.com/r/developersIndia/comments/1tevmxi/whats_the_best_monitor_settings_for_coding_best/
4,pain_point,Services founders: what process do you wish you'd documented from day one?,"A company of 20 found that a lack of early documentation led to inconsistent quoting and pricing across sales reps, costing them 18 months to resolve.","Each rep developed their own quoting style, and now the price/scope mismatch on the same service is genuinely bad.","The company experienced inconsistent quoting and pricing due to a lack of documented sales processes, resulting in significant revenue loss.",,7,74,reddit/r/Entrepreneur,https://reddit.com/r/Entrepreneur/comments/1tc22u2/services_founders_what_process_do_you_wish_youd/
4,pain_point,"How do you guys manage ""urgent"" design requests without losing your mind?","The author used to struggle with small, frequent design requests that consumed a significant amount of time and negatively impacted their work-life balance.","I’ve been a freelancer for a few years now and the ""Can you just quickly remove this person from the background?"" or ""Can we make this vertical photo horizontal?"" requests used to be the bane of my existence.","The author experiences frustration with numerous, small design requests that require significant time and effort.","Previously, the author relied on manual skills that were inefficient for these small requests, and existing tools weren't effective in addressing them.",6,4,reddit/r/indianstartups,https://reddit.com/r/indianstartups/comments/1tczurh/how_do_you_guys_manage_urgent_design_requests/
4,pain_point,"Sunday Steam: Vent It or Roast It | May 10, 2026","The post is a venting space for entrepreneurs to express frustrations about clients, platforms, algorithms, and the general challenges of running a business without resorting to personal attacks.","This is your consequence-free space to complain about clients, platforms, algorithms, your own decisions, or the general chaos of running a business.",Entrepreneurs are experiencing frustration and difficulty managing the complexities and challenges of running a business.,,6,9,reddit/r/Entrepreneur,https://reddit.com/r/Entrepreneur/comments/1t90q3z/sunday_steam_vent_it_or_roast_it_may_10_2026/
4,pain_point,Need advice 27F from a buisness family background but have my own start up,"A 27F woman with a fashion startup, funded by her family's business, is struggling to grow her business and generate personal income beyond what she receives from her father's company.",I don’t know how to grow? Is it my buisness which will get me money?,"The individual is experiencing difficulty in growing their fashion startup and generating personal income, relying solely on her father's business for salary and investment.",,5,28,reddit/r/indiabusiness,https://reddit.com/r/IndiaBusiness/comments/1tfhxrt/need_advice_27f_from_a_buisness_family_background/
4,pain_point,"Sunday Steam: Vent It or Roast It | May 17, 2026","The post is a venting space for entrepreneurs to express frustrations about clients, platforms, algorithms, and the general challenges of running a business without resorting to personal attacks.","This is your consequence-free space to complain about clients, platforms, algorithms, your own decisions, or the general chaos of running a business.",Entrepreneurs are experiencing frustration and difficulty managing the complexities and challenges of running a business.,,4,12,reddit/r/Entrepreneur,https://reddit.com/r/Entrepreneur/comments/1tfj4dk/sunday_steam_vent_it_or_roast_it_may_17_2026/
4,pain_point,I interviewed 100 seed VCs at INSEAD for my research. Now running a short pilot for my fundraising platform - looking for a few serious founders for feedback.,"The author interviewed 100 Seed VCs and found that while many VCs read cold emails, only a small percentage of their investments originated from them, highlighting the importance of warm introductions.","But then I asked how many of their investments actually came through these cold emails. The answer was pretty low. That was, like, almost single digit percentages.","Founders are wasting time building investor databases and using AI tools to automate outreach, despite the fact that cold emails rarely lead to investments and warm introductions are far more effective.","Existing tools fail because they don't address the fundamental problem of building relationships and leveraging referrals, which are far more effective than cold outreach.",2,4,reddit/r/indianstartups,https://reddit.com/r/indianstartups/comments/1te4anq/i_interviewed_100_seed_vcs_at_insead_for_my/
4,pain_point,Contract Analysis importance usually before signing it.,"The author discovered a clause in their old offer letter prohibiting them from sharing confidential information with a lawyer, even when seeking legal advice for disputes with the company.","“You shall not disclose or divulge any confidential information related to the Company’s business or its customers which may come to your knowledge or possession during the tenure of your employment, and which should not be disclosed or made public save in the course of the proper execution of your duties.”",The author's contract contains a clause that prevents them from seeking legal counsel for disputes with their employer due to restrictions on sharing confidential information.,"Previously, contract analysis relied heavily on legal professionals, but with LLMs, the author initially struggled to understand why the tool flagged a seemingly innocuous clause.",1,0,reddit/r/indianstartups,https://reddit.com/r/indianstartups/comments/1tfjn7n/contract_analysis_importance_usually_before/
4,pain_point,"Agency owners — how do you handle monthly client reporting? (GA4, Ads data etc.)","The post is seeking information about how digital marketing agencies, particularly in India, handle monthly client reporting and the challenges associated with this process.",Running some research on how digital marketing agencies (especially in India) send performance reports to clients.,Digital marketing agencies struggle with the monthly process of creating and delivering performance reports to clients.,,1,2,reddit/r/indianstartups,https://reddit.com/r/indianstartups/comments/1tdzdzr/agency_owners_how_do_you_handle_monthly_client/
4,pain_point,"I Built a Lecture-specific AI study layer that turns long educational videos into timestamp-grounded answers, summaries, and searchable concepts.",The author built a project called Overly that helps students quickly find specific information within long lecture videos by providing summaries and timestamped answers to questions.,"I built it because revising from long lecture videos is genuinely annoying. Sometimes you remember that a teacher explained a topic somewhere, but finding that exact moment again wastes a lot of time.","Students struggle to efficiently locate specific information within lengthy lecture videos, leading to wasted time and frustration.",null,1,1,reddit/r/indianstartups,https://reddit.com/r/indianstartups/comments/1tdusy9/i_built_a_lecturespecific_ai_study_layer_that/
4,pain_point,"Worked on different client projects , manager giving 25% on 4 lpa . 2.5 years of experience.","A developer with 2.5 years of experience is concerned that their salary increase request (100%) is being rejected, despite delivering client projects and receiving a low initial offer.",Can my ask be a min 100% to hrs?,The developer feels their current salary is insufficient and that their performance (delivering client projects) isn't being adequately reflected in their compensation.,,1,1,reddit/r/developersIndia,https://reddit.com/r/developersIndia/comments/1tf3ca0/worked_on_different_client_projects_manager/
4,pain_point,Built a free GST filing tool for Indian businesses — tired of seeing small shops pay ₹lakhs in penalties,A developer created a free tool to address the problem of small Indian businesses paying significant GST penalties due to late filing.,"My neighbour runs a small shop. Last year he paid ₹23,000 in GST late fees because his CA missed the deadline.","Small Indian businesses are incurring substantial GST penalties due to errors in filing or late submissions, often requiring them to pay thousands of rupees.",null,1,1,reddit/r/indiabusiness,https://reddit.com/r/IndiaBusiness/comments/1tezcim/built_a_free_gst_filing_tool_for_indian/
4,pain_point,Well I need help I'm stuck and don't know what to do,"A 19-year-old freelancer in Mumbai struggling to grow their local SEO and Google Business Profile business, experiencing difficulty gaining consistent clients despite various outreach efforts.",I honestly feel stuck and don’t know what direction to go next.,The user is experiencing difficulty scaling their freelance local SEO business and seeking advice on how to move beyond initial client acquisition.,,0,0,reddit/r/indianstartups,https://reddit.com/r/indianstartups/comments/1tfk2rm/well_i_need_help_im_stuck_and_dont_know_what_to_do/
4,pain_point,I lived like a king on Day 1 and like a monk on Day 25.,"The author experiences a cycle of excessive spending and emotional validation after receiving their first salary, followed by regret and a shift to frugal behavior.","By Day 25, you’re not broke. You’re just sober.","The author experiences a psychological cycle of emotional spending and regret after receiving income, leading to unsustainable behavior.",,0,5,reddit/r/IndiaInvestments,https://reddit.com/r/IndiaInvestments/comments/1rf1bf9/i_lived_like_a_king_on_day_1_and_like_a_monk_on/
5,demand_request,Who's hiring? - Monthly Megathread - May 2026,"This Reddit thread is a centralized location for companies to post job openings in India, specifically targeting roles within the developer community.","If you are hiring or looking for candidates, please use this mega-thread to post your openings.",Developers are seeking job opportunities and companies need a platform to advertise them effectively.,,111,111,reddit/r/developersIndia,https://reddit.com/r/developersIndia/comments/1t0j49f/whos_hiring_monthly_megathread_may_2026/
5,demand_request,Which business's survive recession without much issues?,"The author is seeking ideas for businesses that can withstand economic downturns, particularly online or semi-online ventures requiring a modest investment (10-20L), and wants practical experiences from those who have navigated tough market periods.",I’m looking for practical opinions and real experiences. Which businesses kept running well even during bad times?,The author's business (luxury segment) is experiencing a 20% revenue slowdown due to potential market conditions and reduced consumer spending.,,63,28,reddit/r/indiabusiness,https://reddit.com/r/IndiaBusiness/comments/1te9dzy/which_businesss_survive_recession_without_much/
5,demand_request,Experienced React Native dev here — should I double down or pivot to AI/cybersecurity?,"A React Native developer is seeking advice on their career path, considering the impact of AI and exploring options like deepening frontend skills, transitioning to AI engineering, or moving into cybersecurity.",I have around 4 years of experience in React and React Native and recently got laid off.,The author is experiencing a career uncertainty due to the rise of AI and wants to determine which field offers long-term stability and good salary prospects.,,10,8,reddit/r/developersIndia,https://reddit.com/r/developersIndia/comments/1tflkt9/experienced_react_native_dev_here_should_i_double/
5,demand_request,Who's looking for work? - Monthly Megathread - May 2026,"The post is a job board thread for developers in India, requesting users to share their profile details and skills to find work.","If you are looking for work, please use this mega-thread to register your interest.",Developers in India are seeking employment opportunities and a centralized platform to showcase their skills.,,9,83,reddit/r/developersIndia,https://reddit.com/r/developersIndia/comments/1t0j2vd/whos_looking_for_work_monthly_megathread_may_2026/
5,demand_request,Realistic Senior SWE salary in Pune for 7.5 YOE folks?,"The poster is asking about the realistic salary for a Senior Software Engineer with 7.5 years of experience in Pune, specifically referencing companies like Mastercard and Deutsche Bank.","What’s the realistic salary one can get in Pune for a Senior Software Engineer with 7.5 years of experience at major companies like Mastercard, Deutsche Bank, etc..",The poster needs to know what salary they can expect for their experience level and at these specific companies.,,6,2,reddit/r/developersIndia,https://reddit.com/r/developersIndia/comments/1terxkj/realistic_senior_swe_salary_in_pune_for_75_yoe/
5,demand_request,20Lakh I have what I do!!!!,The user is seeking advice on what type of business to start that will generate profit and be suitable for the future.,What type of business should I start from that I will be able to make good profit in that and also best for future.,The user needs guidance on finding a profitable business venture with long-term potential.,,4,12,reddit/r/indiabusiness,https://reddit.com/r/IndiaBusiness/comments/1tfkj5c/20lakh_i_have_what_i_do/
5,demand_request,How do you actually launch a (fintech) startup in India from scratch?,"The author is seeking guidance on how to properly launch their bootstrapped fintech startup in India, specifically addressing key steps like funding, investor meetings, and prioritization of elements during the launch phase.",I’m posting here because I genuinely want guidance from people who’ve either built startups before or have experience in fintech/product launches in India.,"The author needs help navigating the complexities of launching a fintech startup in India, particularly regarding funding, investor relations, and prioritization of key elements.",,2,3,reddit/r/indianstartups,https://reddit.com/r/indianstartups/comments/1td4t6t/how_do_you_actually_launch_a_fintech_startup_in/
5,demand_request,Looking for a dev experienced in mobile/PWA development,"The author is seeking a cofounder with mobile/PWA development experience to help build their fintech startup, offering 20% equity in exchange for their expertise.","I’m now looking for a serious, execution-focused mobile app / PWA developer to join as a cofounder in exchange for 20% equity.","The technical cofounder stepped away, creating a critical gap in development needed to launch the fintech startup.",,1,1,reddit/r/developersIndia,https://reddit.com/r/developersIndia/comments/1tflz21/looking_for_a_dev_experienced_in_mobilepwa/
5,demand_request,"Has anyone taken MyCaptain courses? Need honest review about placement, salary claims and course quality","The poster is requesting honest reviews of the MyCaptain course, specifically regarding placement rates, salary expectations (distinguishing between CTC and actual earnings), course quality, and overall value compared to alternatives like YouTube or Udemy.","Agar kisi ne MyCaptain ka course kiya hai ya placement/internship mila hai toh please apna real experience share karo — course quality, mentorship, fees, placement support, hidden charges, refund issue, sab kuch honestly batao.",The user needs genuine information and a realistic assessment of the MyCaptain course's value before investing in it.,,1,1,reddit/r/developersIndia,https://reddit.com/r/developersIndia/comments/1tfk3x1/has_anyone_taken_mycaptain_courses_need_honest/
5,demand_request,Suggestions for candle business,The poster is seeking suggestions on how to begin and acquire initial clients for their candle manufacturing business targeting B2B sectors in India.,So looking for some suggestions on what exact area to go as a beginner and how to get initial client like should I opt for cold calling or any other option,The business needs to establish initial clients and generate leads quickly (5-10) before attending a trade show in August/September.,,1,1,reddit/r/indiabusiness,https://reddit.com/r/IndiaBusiness/comments/1tfgi7t/suggestions_for_candle_business/
5,demand_request,Does anyone need a 'western' face / Presence?,"The author, a UK lawyer of mixed Indian heritage, is offering their services to companies seeking a UK individual with a 'westernised' presence for interacting with US clients.","If you are looking for a UK individual when speaking to western clients or customers, please do get in touch and would be great to see if I can help.",Companies are experiencing difficulties due to a lack of UK individuals who can effectively communicate and build relationships with Western clients.,,1,0,reddit/r/indiabusiness,https://reddit.com/r/IndiaBusiness/comments/1tf4h4m/does_anyone_need_a_western_face_presence/
5,demand_request,Any nail salon owners or professional artists here? Need advice.,The poster is seeking advice and a reality check from nail salon owners and freelance artists regarding opening a new nail salon.,I’m looking into opening a nail salon and could really use a reality check from people in the industry.,The poster needs advice and insights before opening a nail salon to avoid potential pitfalls.,,1,1,reddit/r/indiabusiness,https://reddit.com/r/IndiaBusiness/comments/1teprfc/any_nail_salon_owners_or_professional_artists/
5,demand_request,Need a second opinion on the terms Bank Overdraft for our small business.,"The poster is seeking a second opinion on the terms of a bank overdraft loan they are receiving, specifically regarding the 14% interest rate and 30 lakh OD limit.",Need a second opinion on these rates according to the current market and bank trends.,The poster needs advice on whether the offered 14% interest rate for a 30 lakh overdraft is competitive.,,1,6,reddit/r/indiabusiness,https://reddit.com/r/IndiaBusiness/comments/1temrmo/need_a_second_opinion_on_the_terms_bank_overdraft/
5,demand_request,What do you get for 2000?,"Someone is offering to build complete websites (including hosting) for ₹2000, outlining the features and services included.","I'm building my portfolio right now, so I'm keeping pricing low and focusing on delivering quality.","People need affordable website creation services for their businesses, startups, clinics, or ideas.",,0,2,reddit/r/indiabusiness,https://reddit.com/r/IndiaBusiness/comments/1teigpw/what_do_you_get_for_2000/
6,workaround,"PSA - If you're returning from USA, ensure you reset your cost basis to save on capital gains taxes",Returning residents from the US can legally avoid capital gains taxes on their US stock portfolio by leveraging a temporary RNOR status in India and qualifying for NRA status in the US.,When you hit that s,People returning from the US face significant capital gains taxes on their US stock holdings due to conflicting tax laws between India and the US.,,67,9,reddit/r/IndiaInvestments,https://reddit.com/r/IndiaInvestments/comments/1s7l6r1/psa_if_youre_returning_from_usa_ensure_you_reset/
7,failure_story,one thing nobody warned me about when I started getting clients,"The author learned that securing clients was easy, but retaining and working with demanding clients led to significant time and resource drain.",the hard part was realizing the clients I fought hardest to close were the ones who drained me the most.,"The author experienced significant frustration and wasted effort due to clients who demanded excessive revisions, scope creep, and constant additions.",,269,230,reddit/r/Entrepreneur,https://reddit.com/r/Entrepreneur/comments/1t6bdb5/one_thing_nobody_warned_me_about_when_i_started/
7,failure_story,Quit my project manager job for a startup that failed. Now I'm more lost than ever,"A person left a construction job to work for a startup that failed, leaving them with new skills but no clients and feeling like they wasted their time.",But they ran out of money and couldn't keep me on. So that's that.,"The person is struggling to utilize their newly acquired skills due to a lack of clients and portfolio, feeling stuck and like they failed.","The tools and skills (website building, email campaigns, automation) are useless without a client to apply them to.",115,125,reddit/r/Entrepreneur,https://reddit.com/r/Entrepreneur/comments/1td0igw/quit_my_project_manager_job_for_a_startup_that/
7,failure_story,One thing I underestimated about business,The author realized they were wasting time pursuing leads who weren't a good fit for their business and that focusing on clients who already understood the value improved their experience.,"Once I stopped chasing every lead and focused more on people who already understood the value, everything got less frustrating.",The author experienced frustration due to wasting time on leads who weren't interested in the value proposition of their business.,,103,117,reddit/r/Entrepreneur,https://reddit.com/r/Entrepreneur/comments/1t56pf7/one_thing_i_underestimated_about_business/
7,failure_story,Sharing my first switch journey with 60 days notice period.,"A Reddit user shares their experience navigating a 60-day notice period while switching jobs, ultimately securing a higher salary through negotiation and leveraging a location factor.",I was quoting 30% hike on every counter offer. No exceptions.,"The user faced a challenge due to a 60-day notice period, leading to difficulty in finding new opportunities and requiring strategic negotiation.",,45,10,reddit/r/developersIndia,https://reddit.com/r/developersIndia/comments/1tflt1o/sharing_my_first_switch_journey_with_60_days/
7,failure_story,One lesson I learned too late: not every paying client is a good client,"The author initially believed every new client was a success, but learned that difficult clients – those requiring constant revisions and unclear communication – were often the ones most challenging to secure.","More revisions, slower decisions, unclear expectations, endless ‘small additions.’","The author experienced frustration and exhaustion due to working with clients who demanded excessive revisions, made slow decisions, and lacked clear expectations.",,36,89,reddit/r/Entrepreneur,https://reddit.com/r/Entrepreneur/comments/1ta94a8/one_lesson_i_learned_too_late_not_every_paying/
7,failure_story,Your operating agreement is probably going to destroy your partnership. Here's what I keep seeing.,"The author argues that most startups fail due to poorly drafted operating agreements, specifically lacking clear provisions for buyouts, capital calls, and decision authority.","Put a formula in now - whether it's a fixed multiple of trailing revenue, a third-party appraisal, or book value.","Partnerships are imploding due to disagreements over valuation, capital contributions, and decision-making authority.","Generic operating agreements downloaded from the internet fail to address these specific, critical issues.",33,26,reddit/r/Entrepreneur,https://reddit.com/r/Entrepreneur/comments/1t564gp/your_operating_agreement_is_probably_going_to/
7,failure_story,"To chase, or not to chase?",The author is struggling to gain traction with their business outreach efforts and is grappling with whether to continue pursuing leads despite repeated cancellations.,Now here's the thing: one of the prospects was interested enough to setup an interview for 9 AM this morning. Only they didn't show up.,The author is experiencing difficulty gaining momentum in their business due to repeated cancellations from potential clients and a feeling of being repeatedly denied opportunities.,,22,89,reddit/r/Entrepreneur,https://reddit.com/r/Entrepreneur/comments/1tee736/to_chase_or_not_to_chase/
7,failure_story,"Warning for freelancers &amp; agencies in India: Client yash gupta took full retainer services worth lakh, signed contract, now refusing payment","A freelancer/agency in India experienced a client, Yash Gupta, refusing to pay despite fulfilling services outlined in a signed contract and providing ongoing deliverables.","After months of follow-ups, reason given for non-payment was ""no leads"", from campaigns the client never funded himself","The client refused to pay despite delivering services and maintaining active assets, leading to a financial dispute.",,12,3,reddit/r/indianstartups,https://reddit.com/r/indianstartups/comments/1tdspdj/warning_for_freelancers_agencies_in_india_client/
7,failure_story,Don't Make the Mistake of Not Planning for Sales Ahead of Product Launch,A business spent heavily on product launch marketing but failed to generate expected sales due to not planning for the subsequent sales process.,They spent everything on marketing. Not everybody who has a need for your product and attends the launch ends up buying immediately.,The core problem is a business failing to convert initial interest into actual sales due to neglecting post-launch sales planning.,,1,0,reddit/r/indiabusiness,https://reddit.com/r/IndiaBusiness/comments/1teqben/dont_make_the_mistake_of_not_planning_for_sales/
7,failure_story,Built a system that reduced failed deliveries for a D2C brand,"A D2C health brand experienced significant revenue loss due to failed deliveries and a complex, fragmented workflow.","They were doing around $200k/month in revenue, but delivery failures were quietly eating into margin.","The D2C brand was losing money due to a high rate of failed deliveries caused by bad addresses and RTS packages, compounded by manual follow-ups and reliance on multiple tools.","Existing tools failed to address the root cause of the problem, which was a complex and unpredictable workflow.",0,2,reddit/r/indianstartups,https://reddit.com/r/indianstartups/comments/1te1y0d/built_a_system_that_reduced_failed_deliveries_for/
8,other,"Got promoted to Lead Engineer at 2 years of experience, skipping Senior entirely. Is this normal?","The author was promoted to a Lead Engineer role at their company, skipping the Senior level, and is questioning whether this represents premature peaking or a sign of immaturity.",I'm probably one of the younger ones in the entire company.,"The author is experiencing imposter syndrome and uncertainty about their promotion, particularly given that other leads in the company are more experienced and earn higher salaries.",,232,34,reddit/r/developersIndia,https://reddit.com/r/developersIndia/comments/1tf12xk/got_promoted_to_lead_engineer_at_2_years_of/
