username,profile_url,source_thread,entry_type,subreddit,snippet,comment_score,signal_score,signal_matches,why_they_care,contact_approach,notes,date
Adventurous-Date9971,https://reddit.com/u/Adventurous-Date9971,https://reddit.com/r/indianstartups/comments/1std3dr/these_past_few_months_made_me_look_hard_at_the/,comment,indianstartups,"I went through a very similar “product almost ready, money basically gone” phase, and the only thing that helped was treating those old contacts like my first lifeline, not a failure reminder.

I’d just own the gap. I us",1,9,[builder] i made | [builder] my product | [builder] my tool,,dm_or_linkedin,,2026-05-17
Economy-Mud-6626,https://reddit.com/u/Economy-Mud-6626,https://reddit.com/r/webdev/comments/1rsqkmc/4200_in_4_months_from_something_i_didnt_plan_on/,post,webdev,"$4,200 in 4 months from something I didn't plan on selling",79,8,[builder] we built | [builder] side project | [domain] retainer | [domain] client communication,,dm_or_linkedin,,2026-05-17
Advanced-End-4628,https://reddit.com/u/Advanced-End-4628,https://reddit.com/r/indianstartups/comments/1taycc3/i_spent_2_weeks_auditing_buffer_hootsuite_later/,post,indianstartups,"I spent 2 weeks auditing Buffer, Hootsuite, Later, Metricool, Sprout, Planable, Zoho, RecurPost. Here's what they're missing that I built into PostZapAI.",0,7,[builder] i built | [builder] i made | [domain] client approval,,dm_or_linkedin,,2026-05-17
Scary-Ad9492,https://reddit.com/u/Scary-Ad9492,https://reddit.com/r/webdev/comments/1s8axxo/side_project_ai_tool_that_detects_scope_creep_and/,post,webdev,Side project: AI tool that detects scope creep and drafts change orders for freelance devs,0,7,[builder] i built | [builder] side project | [domain] scope creep,,dm_or_linkedin,,2026-05-17
Kind_Contact_3900,https://reddit.com/u/Kind_Contact_3900,https://reddit.com/r/indianstartups/comments/1pi5fdn/building_a_visual_browserautomation_tool_in_india/,post,indianstartups,Building a visual browser-automation tool in India — would you actually use a no-code Playwright alternative?,0,6,[builder] i built | [builder] indie hacker,,dm_or_linkedin,,2026-05-17
darkdevu,https://reddit.com/u/darkdevu,https://reddit.com/r/indianstartups/comments/1slxcj4/built_a_saas_alone_from_india_on_500month_hosting/,post,indianstartups,"Built a SaaS alone from India on ₹500/month hosting. 500 users, 0 paying customers. The wins and the failures.",43,6,[builder] i built | [builder] my product,,dm_or_linkedin,,2026-05-17
Hopeful_Forever_9674,https://reddit.com/u/Hopeful_Forever_9674,https://reddit.com/r/indianstartups/comments/1std3dr/these_past_few_months_made_me_look_hard_at_the/,post,indianstartups,These past few months made me look hard at the mistakes I made as a first-time founder in India. I think a lot of us fall into the same trap.,1,6,[builder] we built | [builder] i made,,dm_or_linkedin,,2026-05-17
thicc_fruits,https://reddit.com/u/thicc_fruits,https://reddit.com/r/indianstartups/comments/1qcq1wp/when_i_was_23_i_made_an_app_and_made_over_1_crore/,post,indianstartups,"When I was 23, I made an app and made over 1 crore from it. After that I started doing ecommerce and made over $1.5 million",191,6,[builder] i built | [builder] i made,,dm_or_linkedin,,2026-05-17
Away_Fox9988,https://reddit.com/u/Away_Fox9988,https://reddit.com/r/indianstartups/comments/1q4i3oz/i_built_a_tool_that_lists_every_startup_that_gets/,post,indianstartups,"I built a tool that lists every startup that gets funded on the same day within minutes (with founder &amp; CXO contacts)- need advice, feedback welcome 🙏",4,6,[builder] i built | [builder] working on a,,dm_or_linkedin,,2026-05-17
AkilanAkilAbi,https://reddit.com/u/AkilanAkilAbi,https://reddit.com/r/indianstartups/comments/1slxcj4/built_a_saas_alone_from_india_on_500month_hosting/,comment,indianstartups,"Thanks for sharing this detailed explanation of your journey...
Even I am building a saas product for whatsapp order management system where onboarding can be done with the coexistence mode(can use both whatsapp and WABA",1,6,[builder] i am building | [builder] building a saas,,dm_or_linkedin,,2026-05-17
Chemical-Sleep-9056,https://reddit.com/u/Chemical-Sleep-9056,https://reddit.com/r/indianstartups/comments/1kqfm8z/building_a_freelancerclient_matching_tool_need/,post,indianstartups,Building a Freelancer-Client Matching Tool —Need Feedback from Startups!,3,6,[builder] i'm building | [builder] building a tool,,dm_or_linkedin,,2026-05-17
unidealchild,https://reddit.com/u/unidealchild,https://reddit.com/r/indianstartups/comments/1r50ftx/2nd_time_founder_i_have_successfully_bootstrapped/,post,indianstartups,"2nd time founder: I have successfully bootstrapped once, what should I do for my second venture?",5,6,[builder] my product | [builder] bootstrapped,,dm_or_linkedin,,2026-05-17
Professional-Push443,https://reddit.com/u/Professional-Push443,https://reddit.com/r/digital_marketing/comments/1ptiq8a/i_automated_my_entire_content_workflow_because/,post,digital_marketing,I automated my entire content workflow because copy-pasting was killing my momentum. Looking for feedback.,1,6,[builder] i built | [builder] building a tool,,dm_or_linkedin,,2026-05-17
seandinwiddie,https://reddit.com/u/seandinwiddie,https://reddit.com/r/digital_marketing/comments/1pbni4y/the_biggest_mistake_i_see_with_ai_marketing_tools/,post,digital_marketing,The biggest mistake I see with AI marketing tools (and what we're building instead),0,6,[builder] we're building | [builder] working on a,,dm_or_linkedin,,2026-05-17
ArtisticCandy3859,https://reddit.com/u/ArtisticCandy3859,https://reddit.com/r/webdev/comments/1rsc1uc/how_do_you_handle_surprise_api_charges_with/,post,webdev,How do you handle “surprise” API charges with clients?,18,6,[builder] i built | [demand] how do you handle | [domain] unpaid invoice,,dm_or_linkedin,,2026-05-17
founder_ops,https://reddit.com/u/founder_ops,https://reddit.com/r/webdev/comments/1s5v36q/showoff_saturday_i_built_a_tool_that_turns/,post,webdev,[Showoff Saturday] I built a tool that turns PageSpeed audits into client-ready reports (for agencies),1,6,[builder] i built | [builder] building a tool,,dm_or_linkedin,,2026-05-17
canuck-dirk,https://reddit.com/u/canuck-dirk,https://reddit.com/r/webdev/comments/1rtllvi/showoff_saturday_i_used_ai_to_help_design_and/,post,webdev,[Showoff Saturday] - I used AI to help design and build an SEO tool to feed data to AI,0,6,[builder] building a tool | [builder] i'm a developer,,dm_or_linkedin,,2026-05-17
stosssik,https://reddit.com/u/stosssik,https://reddit.com/r/webdev/comments/1rbf8er/showoff_saturday_my_best_friend_and_i_spent_15/,post,webdev,[Showoff Saturday] My best friend and I spent 15 years building web apps in Paris. We just pivoted our startup at a Berkeley accelerator. Here's what we learned.,3,6,[builder] we built | [builder] working on a,,dm_or_linkedin,,2026-05-17
No-Put-6206,https://reddit.com/u/No-Put-6206,https://reddit.com/r/indianstartups/comments/1t9tccm/built_a_whatsapp_invoice_reminder_tool_for_indian/,post,indianstartups,Built a WhatsApp invoice reminder tool for Indian freelancers — here's what I learned after launch,1,5,[builder] i built | [domain] unpaid invoice | [domain] chasing payment,,review,,2026-05-17
Quiet_Carry575,https://reddit.com/u/Quiet_Carry575,https://reddit.com/r/indianstartups/comments/1t4jbwd/i_built_a_full_ai_business_brain_for_indian_home/,comment,indianstartups,"Hi, 

I would like to discuss more. How did you handle:
1. User opt-in 
2. Do you use marketing or utility templates 
3. Initially only 250 users are allowed by meta. How do you handle the scaling? 

I'm building a Whats",1,5,[builder] i'm building | [demand] how do you handle,,public_reply,,2026-05-17
JustaChemReaction,https://reddit.com/u/JustaChemReaction,https://reddit.com/r/webdev/comments/1qly7qs/i_built_a_tool_to_calculate_how_much_scope_creep/,post,webdev,"I built a tool to calculate how much ""scope creep"" actually costs and to speed up scope change contracts.",0,5,[builder] i built | [domain] scope creep | [domain] scope change,,review,,2026-05-17
Pristine_Tomatillo51,https://reddit.com/u/Pristine_Tomatillo51,https://reddit.com/r/indianstartups/comments/1sosgee/roast_my_startup_trackdr_whatsapp_client_tracker/,post,indianstartups,Roast my Startup -- Trackdr: WhatsApp client tracker for Indian freelancers,1,4,[builder] my startup | [domain] scope creep,,review,,2026-05-17
No-Needleworker-2027,https://reddit.com/u/No-Needleworker-2027,https://reddit.com/r/indianstartups/comments/1ptulfr/earlystage_midluxury_fashion_label_looking_for/,post,indianstartups,"Early-stage mid-luxury fashion label looking for experienced freelancers (branding/marketing) — limited budget, high creative freedom",1,4,[builder] bootstrapped | [domain] retainer,,review,,2026-05-17
GapFragrant8163,https://reddit.com/u/GapFragrant8163,https://reddit.com/r/indianstartups/comments/1t94p06/hiring_video_editor_graphic_designer_social_media/,post,indianstartups,"[HIRING] Video Editor / Graphic Designer / Social Media Manager — Remote, India | Paid + Long-term | India",3,4,[builder] i'm building | [domain] retainer,,review,,2026-05-17
Phantomkidd_1412,https://reddit.com/u/Phantomkidd_1412,https://reddit.com/r/indianstartups/comments/1oa22yz/how_we_automated_growth_ops_for_a_few_indian/,post,indianstartups,How we automated growth ops for a few Indian startups — lessons learned building scalable systems,1,4,[builder] we built | [domain] client onboarding,,review,,2026-05-17
Over_Palpitation4969,https://reddit.com/u/Over_Palpitation4969,https://reddit.com/r/indianstartups/comments/1q175j1/how_do_technical_founders_find_their_first/,post,indianstartups,How do technical founders find their first consulting clients? (AI/automation space),10,4,[builder] i'm building | [domain] retainer,,review,,2026-05-17
Lord_Banjo_LXIX,https://reddit.com/u/Lord_Banjo_LXIX,https://reddit.com/r/digital_marketing/comments/1o42mlw/whats_the_most_annoyingtime_consuming_part_of/,post,digital_marketing,What's the most annoying/time consuming part of running a small agency?,9,4,[builder] i'm a developer | [domain] agency workflow,,review,,2026-05-17
NinjaK3ys,https://reddit.com/u/NinjaK3ys,https://reddit.com/r/agency/comments/1lszofx/looking_for_advice_automation_pipeline_project/,post,agency,Looking for Advice - Automation pipeline project for a client - How should I price it,14,4,[builder] working on a | [domain] retainer,,review,,2026-05-17
microbuildval,https://reddit.com/u/microbuildval,https://reddit.com/r/indianstartups/comments/1r2yp4x/scaled_from_16k_to_82k_mrr_heres_what_moved_the/,post,indianstartups,Scaled from $16k to $82k MRR. Here's what moved the needle.,18,3,[domain] scope creep | [domain] retainer | [domain] client communication,,review,,2026-05-17
Newroliser,https://reddit.com/u/Newroliser,https://reddit.com/r/indianstartups/comments/1sdvr2d/the_ultimate_guide_to_startup_monetization_read/,post,indianstartups,"The ultimate guide to startup monetization, read this before building your product.",3,3,[builder] my product,,review,,2026-05-17
